{"cameraMode":{"drawMode":0,"name":"Shaded","section":"Shading Mode"},"sceneLighting":false,"audioPlay":false,"sceneViewState":{"showFog":false,"showMaterialUpdate":false,"showSkybox":false,"showFlares":false,"showImageEffects":false,"showParticleSystems":false},"in2DMode":false,"pivot":{"x":13.850910186767579,"y":12.343245506286621,"z":20.405637741088868},"rotation":{"x":-0.1730061173439026,"y":0.7732369303703308,"z":-0.2381816953420639,"w":-0.5616481304168701},"size":16.327119827270509,"orthographic":false}