{"cameraMode":{"drawMode":0,"name":"Shaded","section":"Shading Mode"},"sceneLighting":false,"audioPlay":false,"sceneViewState":{"showFog":false,"showMaterialUpdate":false,"showSkybox":false,"showFlares":false,"showImageEffects":false,"showParticleSystems":false},"in2DMode":false,"pivot":{"x":3.332549571990967,"y":10.62637710571289,"z":16.789236068725587},"rotation":{"x":-0.04457763582468033,"y":0.9336421489715576,"z":-0.3326915204524994,"w":-0.12510107457637788},"size":25.42472267150879,"orthographic":false}