{"cameraMode":{"drawMode":0,"name":"Shaded","section":"Shading Mode"},"sceneLighting":false,"audioPlay":false,"sceneViewState":{"showFog":false,"showMaterialUpdate":false,"showSkybox":false,"showFlares":false,"showImageEffects":false,"showParticleSystems":false},"in2DMode":false,"pivot":{"x":9.469645500183106,"y":-4.5919060707092289,"z":-9.800106048583985},"rotation":{"x":-0.31596094369888308,"y":-0.3932773172855377,"z":0.14601702988147736,"w":-0.8509932160377502},"size":36.15651321411133,"orthographic":false}