{"cameraMode":{"drawMode":0,"name":"Shaded","section":"Shading Mode"},"sceneLighting":false,"audioPlay":false,"sceneViewState":{"showFog":false,"showMaterialUpdate":false,"showSkybox":false,"showFlares":false,"showImageEffects":false,"showParticleSystems":false},"in2DMode":false,"pivot":{"x":11.411635398864746,"y":12.964309692382813,"z":4.818850040435791},"rotation":{"x":0.34850138425827029,"y":0.18276938796043397,"z":-0.0694843977689743,"w":0.9166864156723023},"size":17.22610092163086,"orthographic":false}